set,source,frame,dy,dx,sigma
set_1,0defb582-2695-46b8-87ef-9db2c036b01f.jpg,noisy_01.jpg,0,0,0.08
set_1,0defb582-2695-46b8-87ef-9db2c036b01f.jpg,noisy_02.jpg,-5,-2,0.08
set_1,0defb582-2695-46b8-87ef-9db2c036b01f.jpg,noisy_03.jpg,0,3,0.08
set_1,0defb582-2695-46b8-87ef-9db2c036b01f.jpg,noisy_04.jpg,2,6,0.08
set_1,0defb582-2695-46b8-87ef-9db2c036b01f.jpg,noisy_05.jpg,6,6,0.08
set_1,0defb582-2695-46b8-87ef-9db2c036b01f.jpg,noisy_06.jpg,4,-4,0.08
set_1,0defb582-2695-46b8-87ef-9db2c036b01f.jpg,noisy_07.jpg,-2,-5,0.08
set_1,0defb582-2695-46b8-87ef-9db2c036b01f.jpg,noisy_08.jpg,0,-1,0.08
set_2,99623a16-90cb-4b75-87bb-75e967c0ac8b.jpg,noisy_01.jpg,0,0,0.08
set_2,99623a16-90cb-4b75-87bb-75e967c0ac8b.jpg,noisy_02.jpg,1,5,0.08
set_2,99623a16-90cb-4b75-87bb-75e967c0ac8b.jpg,noisy_03.jpg,-2,-4,0.08
set_2,99623a16-90cb-4b75-87bb-75e967c0ac8b.jpg,noisy_04.jpg,3,-3,0.08
set_2,99623a16-90cb-4b75-87bb-75e967c0ac8b.jpg,noisy_05.jpg,4,-1,0.08
set_2,99623a16-90cb-4b75-87bb-75e967c0ac8b.jpg,noisy_06.jpg,5,2,0.08
set_2,99623a16-90cb-4b75-87bb-75e967c0ac8b.jpg,noisy_07.jpg,-1,-2,0.08
set_2,99623a16-90cb-4b75-87bb-75e967c0ac8b.jpg,noisy_08.jpg,5,2,0.08
set_3,dbe20eab-7b28-4ef6-89a6-60e330cfd187.jpg,noisy_01.jpg,0,0,0.08
set_3,dbe20eab-7b28-4ef6-89a6-60e330cfd187.jpg,noisy_02.jpg,3,-3,0.08
set_3,dbe20eab-7b28-4ef6-89a6-60e330cfd187.jpg,noisy_03.jpg,6,-5,0.08
set_3,dbe20eab-7b28-4ef6-89a6-60e330cfd187.jpg,noisy_04.jpg,-2,-3,0.08
set_3,dbe20eab-7b28-4ef6-89a6-60e330cfd187.jpg,noisy_05.jpg,1,4,0.08
set_3,dbe20eab-7b28-4ef6-89a6-60e330cfd187.jpg,noisy_06.jpg,-1,-2,0.08
set_3,dbe20eab-7b28-4ef6-89a6-60e330cfd187.jpg,noisy_07.jpg,4,0,0.08
set_3,dbe20eab-7b28-4ef6-89a6-60e330cfd187.jpg,noisy_08.jpg,1,-3,0.08
